<?xml version="1.0" ?>
<LOG_ROOT>
	<PROJECT NAME="experiment1">
		<CBX_INST_ENTRY INSTANCE_NAME="|experiment1|experiment1_jtag_uart_0:jtag_uart_0|experiment1_jtag_uart_0_scfifo_w:the_experiment1_jtag_uart_0_scfifo_w|scfifo:wfifo" CBX_FILE_NAME="scfifo_1n21.tdf"/>
		<CBX_INST_ENTRY INSTANCE_NAME="|experiment1|experiment1_nios2_qsys_0:nios2_qsys_0|experiment1_nios2_qsys_0_nios2_oci:the_experiment1_nios2_qsys_0_nios2_oci|experiment1_nios2_qsys_0_nios2_oci_im:the_experiment1_nios2_qsys_0_nios2_oci_im|experiment1_nios2_qsys_0_traceram_lpm_dram_bdp_component_module:experiment1_nios2_qsys_0_traceram_lpm_dram_bdp_component|altsyncram:the_altsyncram" CBX_FILE_NAME="altsyncram_e502.tdf"/>
		<CBX_INST_ENTRY INSTANCE_NAME="|experiment1|experiment1_nios2_qsys_0:nios2_qsys_0|experiment1_nios2_qsys_0_nios2_oci:the_experiment1_nios2_qsys_0_nios2_oci|experiment1_nios2_qsys_0_nios2_ocimem:the_experiment1_nios2_qsys_0_nios2_ocimem|experiment1_nios2_qsys_0_ociram_lpm_dram_bdp_component_module:experiment1_nios2_qsys_0_ociram_lpm_dram_bdp_component|altsyncram:the_altsyncram" CBX_FILE_NAME="altsyncram_f292.tdf"/>
		<CBX_INST_ENTRY INSTANCE_NAME="|experiment1|experiment1_nios2_qsys_0:nios2_qsys_0|experiment1_nios2_qsys_0_register_bank_a_module:experiment1_nios2_qsys_0_register_bank_a|altsyncram:the_altsyncram" CBX_FILE_NAME="altsyncram_28h1.tdf"/>
		<CBX_INST_ENTRY INSTANCE_NAME="|experiment1|experiment1_nios2_qsys_0:nios2_qsys_0|experiment1_nios2_qsys_0_register_bank_b_module:experiment1_nios2_qsys_0_register_bank_b|altsyncram:the_altsyncram" CBX_FILE_NAME="altsyncram_38h1.tdf"/>
		<CBX_INST_ENTRY INSTANCE_NAME="|experiment1|experiment1_jtag_uart_0:jtag_uart_0|experiment1_jtag_uart_0_scfifo_r:the_experiment1_jtag_uart_0_scfifo_r|scfifo:rfifo" CBX_FILE_NAME="scfifo_1n21.tdf"/>
		<CBX_INST_ENTRY INSTANCE_NAME="|experiment1|experiment1_onchip_memory2_0:onchip_memory2_0|altsyncram:the_altsyncram" CBX_FILE_NAME="altsyncram_86d1.tdf"/>
	</PROJECT>
</LOG_ROOT>
