<?xml version="1.0" encoding="UTF-8"?>
<preferences>
 <debug showDebugMenu="0" />
 <systemtable>
  <columns>
   <connections preferredWidth="127" />
   <irq preferredWidth="34" />
   <name preferredWidth="162" />
  </columns>
 </systemtable>
 <clocktable>
  <columns>
   <clockname preferredWidth="301" />
   <clocksource preferredWidth="301" />
   <frequency preferredWidth="282" />
  </columns>
 </clocktable>
 <library
   expandedCategories="Library/Peripherals,Project,Library/Peripherals/Microcontroller Peripherals,Library" />
 <window width="1290" height="978" x="-5" y="25" />
</preferences>
