<?xml version="1.0" ?>
<LOG_ROOT>
	<PROJECT NAME="experiment3">
		<CBX_INST_ENTRY INSTANCE_NAME="|experiment3|Nios_LCD_Camera_Component:nios_lcd_camera_component_0|Filter_Pipe:Filter_Pipe_unit|Filter_RAM:Filter_RAM_B1|altsyncram:altsyncram_component" CBX_FILE_NAME="altsyncram_eh52.tdf"/>
		<CBX_INST_ENTRY INSTANCE_NAME="|experiment3|Nios_LCD_Camera_Component:nios_lcd_camera_component_0|Filter_Pipe:Filter_Pipe_unit|Filter_RAM:Filter_RAM_Bp1|altsyncram:altsyncram_component" CBX_FILE_NAME="altsyncram_eh52.tdf"/>
		<CBX_INST_ENTRY INSTANCE_NAME="|experiment3|Nios_LCD_Camera_Component:nios_lcd_camera_component_0|Filter_Pipe:Filter_Pipe_unit|Filter_RAM:Filter_RAM_R1|altsyncram:altsyncram_component" CBX_FILE_NAME="altsyncram_eh52.tdf"/>
		<CBX_INST_ENTRY INSTANCE_NAME="|experiment3|Nios_LCD_Camera_Component:nios_lcd_camera_component_0|Filter_Pipe:Filter_Pipe_unit|Filter_RAM:Filter_RAM_Rp1|altsyncram:altsyncram_component" CBX_FILE_NAME="altsyncram_eh52.tdf"/>
		<CBX_INST_ENTRY INSTANCE_NAME="|experiment3|Nios_LCD_Camera_Component:nios_lcd_camera_component_0|Filter_Pipe:Filter_Pipe_unit|lpm_mult:Mult13" CBX_FILE_NAME="mult_27t.tdf"/>
		<CBX_INST_ENTRY INSTANCE_NAME="|experiment3|Nios_LCD_Camera_Component:nios_lcd_camera_component_0|Filter_Pipe:Filter_Pipe_unit|lpm_mult:Mult3|multcore:mult_core|mpar_add:padder|lpm_add_sub:adder[0]" CBX_FILE_NAME="add_sub_4ch.tdf"/>
		<CBX_INST_ENTRY INSTANCE_NAME="|experiment3|Nios_LCD_Camera_Component:nios_lcd_camera_component_0|Filter_Pipe:Filter_Pipe_unit|lpm_mult:Mult14" CBX_FILE_NAME="mult_27t.tdf"/>
		<CBX_INST_ENTRY INSTANCE_NAME="|experiment3|Nios_LCD_Camera_Component:nios_lcd_camera_component_0|Filter_Pipe:Filter_Pipe_unit|lpm_mult:Mult4|multcore:mult_core|mpar_add:padder|lpm_add_sub:adder[0]" CBX_FILE_NAME="add_sub_6ch.tdf"/>
		<CBX_INST_ENTRY INSTANCE_NAME="|experiment3|Nios_LCD_Camera_Component:nios_lcd_camera_component_0|Filter_Pipe:Filter_Pipe_unit|Filter_RAM:Filter_RAM_Gm1|altsyncram:altsyncram_component" CBX_FILE_NAME="altsyncram_eh52.tdf"/>
		<CBX_INST_ENTRY INSTANCE_NAME="|experiment3|Nios_LCD_Camera_Component:nios_lcd_camera_component_0|Filter_Pipe:Filter_Pipe_unit|lpm_mult:Mult5|multcore:mult_core|mpar_add:padder|lpm_add_sub:adder[0]" CBX_FILE_NAME="add_sub_4ch.tdf"/>
		<CBX_INST_ENTRY INSTANCE_NAME="|experiment3|Nios_LCD_Camera_Component:nios_lcd_camera_component_0|Filter_Pipe:Filter_Pipe_unit|lpm_mult:Mult6" CBX_FILE_NAME="mult_27t.tdf"/>
		<CBX_INST_ENTRY INSTANCE_NAME="|experiment3|Nios_LCD_Camera_Component:nios_lcd_camera_component_0|LCD_Console_Generation:LCD_Console_unit|Button_Character_Map:Character_Map|altsyncram:altsyncram_component" CBX_FILE_NAME="altsyncram_gla2.tdf"/>
		<CBX_INST_ENTRY INSTANCE_NAME="|experiment3|experiment3_cpu_0:cpu_0|experiment3_cpu_0_nios2_oci:the_experiment3_cpu_0_nios2_oci|experiment3_cpu_0_nios2_ocimem:the_experiment3_cpu_0_nios2_ocimem|experiment3_cpu_0_ociram_lpm_dram_bdp_component_module:experiment3_cpu_0_ociram_lpm_dram_bdp_component|altsyncram:the_altsyncram" CBX_FILE_NAME="altsyncram_vb82.tdf"/>
		<CBX_INST_ENTRY INSTANCE_NAME="|experiment3|Nios_LCD_Camera_Component:nios_lcd_camera_component_0|Filter_Pipe:Filter_Pipe_unit|lpm_mult:Mult7" CBX_FILE_NAME="mult_27t.tdf"/>
		<CBX_INST_ENTRY INSTANCE_NAME="|experiment3|Nios_LCD_Camera_Component:nios_lcd_camera_component_0|LCD_Console_Generation:LCD_Console_unit|Button_Label_RAM:Button_Labels|altsyncram:altsyncram_component" CBX_FILE_NAME="altsyncram_10a2.tdf"/>
		<CBX_INST_ENTRY INSTANCE_NAME="|experiment3|Nios_LCD_Camera_Component:nios_lcd_camera_component_0|Sdram_Control_4Port:u7|Sdram_RD_FIFO:read_fifo1|dcfifo:dcfifo_component" CBX_FILE_NAME="dcfifo_21m1.tdf"/>
		<CBX_INST_ENTRY INSTANCE_NAME="|experiment3|Nios_LCD_Camera_Component:nios_lcd_camera_component_0|Filter_Pipe:Filter_Pipe_unit|Filter_RAM:Filter_RAM_G0|altsyncram:altsyncram_component" CBX_FILE_NAME="altsyncram_eh52.tdf"/>
		<CBX_INST_ENTRY INSTANCE_NAME="|experiment3|Nios_LCD_Camera_Component:nios_lcd_camera_component_0|Filter_Pipe:Filter_Pipe_unit|lpm_mult:Mult8" CBX_FILE_NAME="mult_27t.tdf"/>
		<CBX_INST_ENTRY INSTANCE_NAME="|experiment3|Nios_LCD_Camera_Component:nios_lcd_camera_component_0|Sdram_Control_4Port:u7|Sdram_RD_FIFO:read_fifo2|dcfifo:dcfifo_component" CBX_FILE_NAME="dcfifo_21m1.tdf"/>
		<CBX_INST_ENTRY INSTANCE_NAME="|experiment3|Nios_LCD_Camera_Component:nios_lcd_camera_component_0|Filter_Pipe:Filter_Pipe_unit|Filter_RAM:Filter_RAM_Bm1|altsyncram:altsyncram_component" CBX_FILE_NAME="altsyncram_eh52.tdf"/>
		<CBX_INST_ENTRY INSTANCE_NAME="|experiment3|Nios_LCD_Camera_Component:nios_lcd_camera_component_0|Filter_Pipe:Filter_Pipe_unit|Filter_RAM:Filter_RAM_G1|altsyncram:altsyncram_component" CBX_FILE_NAME="altsyncram_eh52.tdf"/>
		<CBX_INST_ENTRY INSTANCE_NAME="|experiment3|Nios_LCD_Camera_Component:nios_lcd_camera_component_0|Filter_Pipe:Filter_Pipe_unit|Filter_RAM:Filter_RAM_Gp1|altsyncram:altsyncram_component" CBX_FILE_NAME="altsyncram_eh52.tdf"/>
		<CBX_INST_ENTRY INSTANCE_NAME="|experiment3|Nios_LCD_Camera_Component:nios_lcd_camera_component_0|Filter_Pipe:Filter_Pipe_unit|Filter_RAM:Filter_RAM_Rm1|altsyncram:altsyncram_component" CBX_FILE_NAME="altsyncram_eh52.tdf"/>
		<CBX_INST_ENTRY INSTANCE_NAME="|experiment3|Nios_LCD_Camera_Component:nios_lcd_camera_component_0|Filter_Pipe:Filter_Pipe_unit|lpm_mult:Mult0|multcore:mult_core|mpar_add:padder|lpm_add_sub:adder[0]" CBX_FILE_NAME="add_sub_6ch.tdf"/>
		<CBX_INST_ENTRY INSTANCE_NAME="|experiment3|Nios_LCD_Camera_Component:nios_lcd_camera_component_0|Filter_Pipe:Filter_Pipe_unit|lpm_mult:Mult10" CBX_FILE_NAME="mult_27t.tdf"/>
		<CBX_INST_ENTRY INSTANCE_NAME="|experiment3|Nios_LCD_Camera_Component:nios_lcd_camera_component_0|Filter_Pipe:Filter_Pipe_unit|lpm_mult:Mult9" CBX_FILE_NAME="mult_27t.tdf"/>
		<CBX_INST_ENTRY INSTANCE_NAME="|experiment3|Nios_LCD_Camera_Component:nios_lcd_camera_component_0|Sdram_Control_4Port:u7|Sdram_WR_FIFO:write_fifo1|dcfifo:dcfifo_component" CBX_FILE_NAME="dcfifo_21m1.tdf"/>
		<CBX_INST_ENTRY INSTANCE_NAME="|experiment3|Nios_LCD_Camera_Component:nios_lcd_camera_component_0|Filter_Pipe:Filter_Pipe_unit|lpm_mult:Mult11" CBX_FILE_NAME="mult_27t.tdf"/>
		<CBX_INST_ENTRY INSTANCE_NAME="|experiment3|Nios_LCD_Camera_Component:nios_lcd_camera_component_0|Filter_Pipe:Filter_Pipe_unit|lpm_mult:Mult1|multcore:mult_core|mpar_add:padder|lpm_add_sub:adder[0]" CBX_FILE_NAME="add_sub_4ch.tdf"/>
		<CBX_INST_ENTRY INSTANCE_NAME="|experiment3|Nios_LCD_Camera_Component:nios_lcd_camera_component_0|Sdram_Control_4Port:u7|Sdram_WR_FIFO:write_fifo2|dcfifo:dcfifo_component" CBX_FILE_NAME="dcfifo_21m1.tdf"/>
		<CBX_INST_ENTRY INSTANCE_NAME="|experiment3|experiment3_cpu_0:cpu_0|experiment3_cpu_0_nios2_oci:the_experiment3_cpu_0_nios2_oci|experiment3_cpu_0_nios2_oci_im:the_experiment3_cpu_0_nios2_oci_im|experiment3_cpu_0_traceram_lpm_dram_bdp_component_module:experiment3_cpu_0_traceram_lpm_dram_bdp_component|altsyncram:the_altsyncram" CBX_FILE_NAME="altsyncram_e502.tdf"/>
		<CBX_INST_ENTRY INSTANCE_NAME="|experiment3|experiment3_cpu_0:cpu_0|experiment3_cpu_0_register_bank_a_module:experiment3_cpu_0_register_bank_a|altsyncram:the_altsyncram" CBX_FILE_NAME="altsyncram_ihg1.tdf"/>
		<CBX_INST_ENTRY INSTANCE_NAME="|experiment3|experiment3_jtag_uart_0:jtag_uart_0|experiment3_jtag_uart_0_scfifo_w:the_experiment3_jtag_uart_0_scfifo_w|scfifo:wfifo" CBX_FILE_NAME="scfifo_1n21.tdf"/>
		<CBX_INST_ENTRY INSTANCE_NAME="|experiment3|Nios_LCD_Camera_Component:nios_lcd_camera_component_0|Filter_Pipe:Filter_Pipe_unit|Filter_RAM:Filter_RAM_B0|altsyncram:altsyncram_component" CBX_FILE_NAME="altsyncram_eh52.tdf"/>
		<CBX_INST_ENTRY INSTANCE_NAME="|experiment3|Nios_LCD_Camera_Component:nios_lcd_camera_component_0|Filter_Pipe:Filter_Pipe_unit|Filter_RAM:Filter_RAM_R0|altsyncram:altsyncram_component" CBX_FILE_NAME="altsyncram_eh52.tdf"/>
		<CBX_INST_ENTRY INSTANCE_NAME="|experiment3|Nios_LCD_Camera_Component:nios_lcd_camera_component_0|Filter_Pipe:Filter_Pipe_unit|lpm_mult:Mult12" CBX_FILE_NAME="mult_27t.tdf"/>
		<CBX_INST_ENTRY INSTANCE_NAME="|experiment3|Nios_LCD_Camera_Component:nios_lcd_camera_component_0|Filter_Pipe:Filter_Pipe_unit|lpm_mult:Mult2|multcore:mult_core|mpar_add:padder|lpm_add_sub:adder[0]" CBX_FILE_NAME="add_sub_6ch.tdf"/>
		<CBX_INST_ENTRY INSTANCE_NAME="|experiment3|experiment3_jtag_uart_0:jtag_uart_0|experiment3_jtag_uart_0_scfifo_r:the_experiment3_jtag_uart_0_scfifo_r|scfifo:rfifo" CBX_FILE_NAME="scfifo_1n21.tdf"/>
		<CBX_INST_ENTRY INSTANCE_NAME="|experiment3|experiment3_cpu_0:cpu_0|experiment3_cpu_0_register_bank_b_module:experiment3_cpu_0_register_bank_b|altsyncram:the_altsyncram" CBX_FILE_NAME="altsyncram_jhg1.tdf"/>
		<CBX_INST_ENTRY INSTANCE_NAME="|experiment3|Nios_LCD_Camera_Component:nios_lcd_camera_component_0|Camera_Data_Controller:Camera_Data_unit|Line_Buffer:Raw_Buffer|altshift_taps:altshift_taps_component" CBX_FILE_NAME="shift_taps_gkn.tdf"/>
	</PROJECT>
</LOG_ROOT>
