<?xml version="1.0" encoding="UTF-8"?>
<preferences>
 <debug showDebugMenu="0" />
 <systemtable filter="Default">
  <columns>
   <connections preferredWidth="127" />
   <irq preferredWidth="34" />
  </columns>
 </systemtable>
 <clocktable>
  <columns>
   <clockname preferredWidth="331" />
   <clocksource preferredWidth="331" />
   <frequency preferredWidth="312" />
  </columns>
 </clocktable>
 <library expandedCategories="Project,Library" />
 <window width="1290" height="978" x="-5" y="25" />
</preferences>
