<?xml version="1.0" encoding="UTF-8"?>
<preferences>
 <debug showDebugMenu="0" />
 <systemtable>
  <columns>
   <connections preferredWidth="127" />
   <irq preferredWidth="34" />
   <name preferredWidth="456" />
   <export preferredWidth="254" />
  </columns>
 </systemtable>
 <clocktable>
  <columns>
   <clockname preferredWidth="264" />
   <clocksource preferredWidth="264" />
   <frequency preferredWidth="247" />
  </columns>
 </clocktable>
 <library
   expandedCategories="Library/Peripherals/Microcontroller Peripherals,Library/Microcontroller Peripherals,Library/Peripherals,Library,Project,Library/Peripherals/Display,Library/PLL" />
 <window width="1290" height="978" x="0" y="25" />
</preferences>
