<?xml version="1.0" encoding="UTF-8"?>
<preferences>
 <debug showDebugMenu="0" />
 <systemtable>
  <columns>
   <connections preferredWidth="127" />
   <irq preferredWidth="34" />
  </columns>
 </systemtable>
 <clocktable>
  <columns>
   <clockname preferredWidth="268" />
   <clocksource preferredWidth="268" />
   <frequency preferredWidth="248" />
  </columns>
 </clocktable>
 <library expandedCategories="Project/coe4ds4_components,Library,Project" />
 <window width="1100" height="488" x="0" y="25" />
 <generation simulation="VERILOG" synthesis="0" block_symbol_file="0" />
</preferences>
